funcion,dim,lr,seed,best_f,gap,f_evals,grad_evals,equiv_evals,stop,exito_0.0001,exito_0.01
rosenbrock,2,5e-05,0,0.31515941665522623,0.31515941665522623,1001,1000,2001.0,budget,False,False
rosenbrock,2,5e-05,1,4.106733016901994,4.106733016901994,1001,1000,2001.0,budget,False,False
rosenbrock,2,5e-05,2,1.472816161693866,1.472816161693866,1001,1000,2001.0,budget,False,False
rosenbrock,2,5e-05,3,1.1573148323261055,1.1573148323261055,1001,1000,2001.0,budget,False,False
rosenbrock,2,5e-05,4,8.700380134754969,8.700380134754969,1001,1000,2001.0,budget,False,False
rosenbrock,2,5e-05,5,2.7131425448833406,2.7131425448833406,1001,1000,2001.0,budget,False,False
rosenbrock,2,5e-05,6,0.016059680052489377,0.016059680052489377,1001,1000,2001.0,budget,False,False
rosenbrock,2,5e-05,7,3.7404867316495536,3.7404867316495536,1001,1000,2001.0,budget,False,False
rosenbrock,2,5e-05,8,14.540629895945404,14.540629895945404,1001,1000,2001.0,budget,False,False
rosenbrock,2,5e-05,9,2.839502657557023,2.839502657557023,1001,1000,2001.0,budget,False,False
rosenbrock,2,5e-05,10,1.6980937434884007,1.6980937434884007,1001,1000,2001.0,budget,False,False
rosenbrock,2,5e-05,11,6.997766615556135,6.997766615556135,1001,1000,2001.0,budget,False,False
rosenbrock,2,5e-05,12,15.56626028412248,15.56626028412248,1001,1000,2001.0,budget,False,False
rosenbrock,2,5e-05,13,14.29069899990633,14.29069899990633,1001,1000,2001.0,budget,False,False
rosenbrock,2,5e-05,14,3.585949007258459,3.585949007258459,1001,1000,2001.0,budget,False,False
rosenbrock,2,5e-05,15,3.0065008426607127,3.0065008426607127,1001,1000,2001.0,budget,False,False
rosenbrock,2,5e-05,16,0.1407809128355414,0.1407809128355414,1001,1000,2001.0,budget,False,False
rosenbrock,2,5e-05,17,0.903665298300632,0.903665298300632,1001,1000,2001.0,budget,False,False
rosenbrock,2,5e-05,18,1.693803658132616,1.693803658132616,1001,1000,2001.0,budget,False,False
rosenbrock,2,5e-05,19,3.626507848223831,3.626507848223831,1001,1000,2001.0,budget,False,False
rosenbrock,2,5e-05,20,5.117847773244028,5.117847773244028,1001,1000,2001.0,budget,False,False
rosenbrock,2,5e-05,21,1.101578798246387,1.101578798246387,1001,1000,2001.0,budget,False,False
rosenbrock,2,5e-05,22,0.8384775838513162,0.8384775838513162,1001,1000,2001.0,budget,False,False
rosenbrock,2,5e-05,23,1.4964277229595917,1.4964277229595917,1001,1000,2001.0,budget,False,False
rosenbrock,2,5e-05,24,1.4311166044829198,1.4311166044829198,1001,1000,2001.0,budget,False,False
rosenbrock,2,5e-05,25,0.8671497898019704,0.8671497898019704,1001,1000,2001.0,budget,False,False
rosenbrock,2,5e-05,26,0.6721520576379159,0.6721520576379159,1001,1000,2001.0,budget,False,False
rosenbrock,2,5e-05,27,0.06616190990157272,0.06616190990157272,1001,1000,2001.0,budget,False,False
rosenbrock,2,5e-05,28,14.137421127624954,14.137421127624954,1001,1000,2001.0,budget,False,False
rosenbrock,2,5e-05,29,7.351680974645495,7.351680974645495,1001,1000,2001.0,budget,False,False
rosenbrock,2,0.0001,0,0.47762470399839585,0.47762470399839585,1001,1000,2001.0,budget,False,False
rosenbrock,2,0.0001,1,4.084201445277875,4.084201445277875,1001,1000,2001.0,budget,False,False
rosenbrock,2,0.0001,2,1.2243770848450444,1.2243770848450444,1001,1000,2001.0,budget,False,False
rosenbrock,2,0.0001,3,0.8858736046130785,0.8858736046130785,1001,1000,2001.0,budget,False,False
rosenbrock,2,0.0001,4,9.147413083202144,9.147413083202144,1001,1000,2001.0,budget,False,False
rosenbrock,2,0.0001,5,14.487129432997104,14.487129432997104,1001,1000,2001.0,budget,False,False
rosenbrock,2,0.0001,6,0.019197031727292077,0.019197031727292077,1001,1000,2001.0,budget,False,False
rosenbrock,2,0.0001,7,3.685588476537674,3.685588476537674,1001,1000,2001.0,budget,False,False
rosenbrock,2,0.0001,8,14.286099559785981,14.286099559785981,1001,1000,2001.0,budget,False,False
rosenbrock,2,0.0001,9,1.9751647860820796,1.9751647860820796,1001,1000,2001.0,budget,False,False
rosenbrock,2,0.0001,10,0.615311924150736,0.615311924150736,1001,1000,2001.0,budget,False,False
rosenbrock,2,0.0001,11,6.85316231031611,6.85316231031611,1001,1000,2001.0,budget,False,False
rosenbrock,2,0.0001,12,15.447704832802447,15.447704832802447,1001,1000,2001.0,budget,False,False
rosenbrock,2,0.0001,13,15.802961194837454,15.802961194837454,1001,1000,2001.0,budget,False,False
rosenbrock,2,0.0001,14,4.287630677539929,4.287630677539929,1001,1000,2001.0,budget,False,False
rosenbrock,2,0.0001,15,2.627861937594333,2.627861937594333,1001,1000,2001.0,budget,False,False
rosenbrock,2,0.0001,16,0.12634146024344942,0.12634146024344942,1001,1000,2001.0,budget,False,False
rosenbrock,2,0.0001,17,0.6350352619920142,0.6350352619920142,1001,1000,2001.0,budget,False,False
rosenbrock,2,0.0001,18,1.67120079234318,1.67120079234318,1001,1000,2001.0,budget,False,False
rosenbrock,2,0.0001,19,3.592595196582339,3.592595196582339,1001,1000,2001.0,budget,False,False
rosenbrock,2,0.0001,20,4.974983571012363,4.974983571012363,1001,1000,2001.0,budget,False,False
rosenbrock,2,0.0001,21,10.424031142564496,10.424031142564496,1001,1000,2001.0,budget,False,False
rosenbrock,2,0.0001,22,0.6953700312108657,0.6953700312108657,1001,1000,2001.0,budget,False,False
rosenbrock,2,0.0001,23,0.7018103312481119,0.7018103312481119,1001,1000,2001.0,budget,False,False
rosenbrock,2,0.0001,24,1.1850814203888613,1.1850814203888613,1001,1000,2001.0,budget,False,False
rosenbrock,2,0.0001,25,0.7168285883573542,0.7168285883573542,1001,1000,2001.0,budget,False,False
rosenbrock,2,0.0001,26,0.5755043820182463,0.5755043820182463,1001,1000,2001.0,budget,False,False
rosenbrock,2,0.0001,27,2.5790708856994207,2.5790708856994207,1001,1000,2001.0,budget,False,False
rosenbrock,2,0.0001,28,16.305845137384594,16.305845137384594,1001,1000,2001.0,budget,False,False
rosenbrock,2,0.0001,29,7.0358820732152445,7.0358820732152445,1001,1000,2001.0,budget,False,False
rosenbrock,3,5e-05,0,1.0236369171450375,1.0236369171450375,1501,1500,3001.0,budget,False,False
rosenbrock,3,5e-05,1,1.0053372582628537,1.0053372582628537,1501,1500,3001.0,budget,False,False
rosenbrock,3,5e-05,2,5.208254184144515,5.208254184144515,1501,1500,3001.0,budget,False,False
rosenbrock,3,5e-05,3,8.927382057559125,8.927382057559125,1501,1500,3001.0,budget,False,False
rosenbrock,3,5e-05,4,12.09573956395185,12.09573956395185,1501,1500,3001.0,budget,False,False
rosenbrock,3,5e-05,5,0.4996350628421482,0.4996350628421482,1501,1500,3001.0,budget,False,False
rosenbrock,3,5e-05,6,0.08219951231664936,0.08219951231664936,1501,1500,3001.0,budget,False,False
rosenbrock,3,5e-05,7,27.779044297610053,27.779044297610053,1501,1500,3001.0,budget,False,False
rosenbrock,3,5e-05,8,1.7423076751115825,1.7423076751115825,1501,1500,3001.0,budget,False,False
rosenbrock,3,5e-05,9,5.666935321398685,5.666935321398685,1501,1500,3001.0,budget,False,False
rosenbrock,3,5e-05,10,12.350590275727347,12.350590275727347,1501,1500,3001.0,budget,False,False
rosenbrock,3,5e-05,11,6.94449481229759,6.94449481229759,1501,1500,3001.0,budget,False,False
rosenbrock,3,5e-05,12,2.2130368818558592,2.2130368818558592,1501,1500,3001.0,budget,False,False
rosenbrock,3,5e-05,13,2.1562034700784,2.1562034700784,1501,1500,3001.0,budget,False,False
rosenbrock,3,5e-05,14,7.682439126835714,7.682439126835714,1501,1500,3001.0,budget,False,False
rosenbrock,3,5e-05,15,0.11027475354681968,0.11027475354681968,1501,1500,3001.0,budget,False,False
rosenbrock,3,5e-05,16,0.9538970789273287,0.9538970789273287,1501,1500,3001.0,budget,False,False
rosenbrock,3,5e-05,17,1.839504287122912,1.839504287122912,1501,1500,3001.0,budget,False,False
rosenbrock,3,5e-05,18,0.23992673248518903,0.23992673248518903,1501,1500,3001.0,budget,False,False
rosenbrock,3,5e-05,19,1.5656763449864892,1.5656763449864892,1501,1500,3001.0,budget,False,False
rosenbrock,3,5e-05,20,2.4491246954544974,2.4491246954544974,1501,1500,3001.0,budget,False,False
rosenbrock,3,5e-05,21,2.334498215307697,2.334498215307697,1501,1500,3001.0,budget,False,False
rosenbrock,3,5e-05,22,1.194421395267431,1.194421395267431,1501,1500,3001.0,budget,False,False
rosenbrock,3,5e-05,23,0.861207435860402,0.861207435860402,1501,1500,3001.0,budget,False,False
rosenbrock,3,5e-05,24,5.69207499492291,5.69207499492291,1501,1500,3001.0,budget,False,False
rosenbrock,3,5e-05,25,2.371447659102429,2.371447659102429,1501,1500,3001.0,budget,False,False
rosenbrock,3,5e-05,26,1.0232644140036908,1.0232644140036908,1501,1500,3001.0,budget,False,False
rosenbrock,3,5e-05,27,0.9646416902705686,0.9646416902705686,1501,1500,3001.0,budget,False,False
rosenbrock,3,5e-05,28,14.609527590840997,14.609527590840997,1501,1500,3001.0,budget,False,False
rosenbrock,3,5e-05,29,5.925903541744118,5.925903541744118,1501,1500,3001.0,budget,False,False
rosenbrock,3,0.0001,0,0.847115825179465,0.847115825179465,1501,1500,3001.0,budget,False,False
rosenbrock,3,0.0001,1,0.40927974694341923,0.40927974694341923,1501,1500,3001.0,budget,False,False
rosenbrock,3,0.0001,2,1.6324018105353524,1.6324018105353524,1501,1500,3001.0,budget,False,False
rosenbrock,3,0.0001,3,1.6466665278929722,1.6466665278929722,1501,1500,3001.0,budget,False,False
rosenbrock,3,0.0001,4,12.008022783524616,12.008022783524616,1501,1500,3001.0,budget,False,False
rosenbrock,3,0.0001,5,1.4246662155734315,1.4246662155734315,1501,1500,3001.0,budget,False,False
rosenbrock,3,0.0001,6,0.07946513844531738,0.07946513844531738,1501,1500,3001.0,budget,False,False
rosenbrock,3,0.0001,7,1.7094805922228042,1.7094805922228042,1501,1500,3001.0,budget,False,False
rosenbrock,3,0.0001,8,1.3867062074169003,1.3867062074169003,1501,1500,3001.0,budget,False,False
rosenbrock,3,0.0001,9,5.992445933265344,5.992445933265344,1501,1500,3001.0,budget,False,False
rosenbrock,3,0.0001,10,0.5321976273703954,0.5321976273703954,1501,1500,3001.0,budget,False,False
rosenbrock,3,0.0001,11,6.879342792257681,6.879342792257681,1501,1500,3001.0,budget,False,False
rosenbrock,3,0.0001,12,2.917871707731763,2.917871707731763,1501,1500,3001.0,budget,False,False
rosenbrock,3,0.0001,13,1.717461425459164,1.717461425459164,1501,1500,3001.0,budget,False,False
rosenbrock,3,0.0001,14,7.80274678530457,7.80274678530457,1501,1500,3001.0,budget,False,False
rosenbrock,3,0.0001,15,0.941014395898472,0.941014395898472,1501,1500,3001.0,budget,False,False
rosenbrock,3,0.0001,16,0.7414104711869598,0.7414104711869598,1501,1500,3001.0,budget,False,False
rosenbrock,3,0.0001,17,1.4609765730851096,1.4609765730851096,1501,1500,3001.0,budget,False,False
rosenbrock,3,0.0001,18,1.1185308153635907,1.1185308153635907,1501,1500,3001.0,budget,False,False
rosenbrock,3,0.0001,19,0.09442387421284576,0.09442387421284576,1501,1500,3001.0,budget,False,False
rosenbrock,3,0.0001,20,2.2755030309830566,2.2755030309830566,1501,1500,3001.0,budget,False,False
rosenbrock,3,0.0001,21,8.581468087450563,8.581468087450563,1501,1500,3001.0,budget,False,False
rosenbrock,3,0.0001,22,0.9127563042694777,0.9127563042694777,1501,1500,3001.0,budget,False,False
rosenbrock,3,0.0001,23,1.121803828297432,1.121803828297432,1501,1500,3001.0,budget,False,False
rosenbrock,3,0.0001,24,5.6241551380432435,5.6241551380432435,1501,1500,3001.0,budget,False,False
rosenbrock,3,0.0001,25,2.5717164823388874,2.5717164823388874,1501,1500,3001.0,budget,False,False
rosenbrock,3,0.0001,26,0.7899650961494629,0.7899650961494629,1501,1500,3001.0,budget,False,False
rosenbrock,3,0.0001,27,2.2505715364155123,2.2505715364155123,1501,1500,3001.0,budget,False,False
rosenbrock,3,0.0001,28,1.6907445668921612,1.6907445668921612,1501,1500,3001.0,budget,False,False
rosenbrock,3,0.0001,29,5.832225290415171,5.832225290415171,1501,1500,3001.0,budget,False,False
rastrigin,2,0.001,0,4.974790247647377,4.974790247647377,69,69,138.0,grad_tol,False,False
rastrigin,2,0.001,1,24.873722934542222,24.873722934542222,71,71,142.0,grad_tol,False,False
rastrigin,2,0.001,2,7.959662381108174,7.959662381108174,71,71,142.0,grad_tol,False,False
rastrigin,2,0.001,3,24.87384503394854,24.87384503394854,68,68,136.0,grad_tol,False,False
rastrigin,2,0.001,4,24.873722934542222,24.873722934542222,76,76,152.0,grad_tol,False,False
rastrigin,2,0.001,5,17.909202482974017,17.909202482974017,65,65,130.0,grad_tol,False,False
rastrigin,2,0.001,6,3.979831190554087,3.979831190554087,70,70,140.0,grad_tol,False,False
rastrigin,2,0.001,7,16.91420284955482,16.91420284955482,67,67,134.0,grad_tol,False,False
rastrigin,2,0.001,8,28.85355412509631,28.85355412509631,66,66,132.0,grad_tol,False,False
rastrigin,2,0.001,9,19.899074983015616,19.899074983015616,67,67,134.0,grad_tol,False,False
rastrigin,2,0.001,10,33.828324176029234,33.828324176029234,69,69,138.0,grad_tol,False,False
rastrigin,2,0.001,11,15.919243792461529,15.919243792461529,66,66,132.0,grad_tol,False,False
rastrigin,2,0.001,12,33.828324176029234,33.828324176029234,73,73,146.0,grad_tol,False,False
rastrigin,2,0.001,13,31.83848758492306,31.83848758492306,69,69,138.0,grad_tol,False,False
rastrigin,2,0.001,14,9.9495602985803,9.9495602985803,70,70,140.0,grad_tol,False,False
rastrigin,2,0.001,15,12.934432432041095,12.934432432041095,67,67,134.0,grad_tol,False,False
rastrigin,2,0.001,16,1.9899181141865796,1.9899181141865796,68,68,136.0,grad_tol,False,False
rastrigin,2,0.001,17,24.87384503394854,24.87384503394854,75,75,150.0,grad_tol,False,False
rastrigin,2,0.001,18,4.974790247647377,4.974790247647377,66,66,132.0,grad_tol,False,False
rastrigin,2,0.001,19,16.91420284955482,16.91420284955482,69,69,138.0,grad_tol,False,False
rastrigin,2,0.001,20,3.979831190554087,3.979831190554087,69,69,138.0,grad_tol,False,False
rastrigin,2,0.001,21,9.9495602985803,9.9495602985803,65,65,130.0,grad_tol,False,False
rastrigin,2,0.001,22,9.9495602985803,9.9495602985803,68,68,136.0,grad_tol,False,False
rastrigin,2,0.001,23,4.974790247647377,4.974790247647377,71,71,142.0,grad_tol,False,False
rastrigin,2,0.001,24,4.974790247647377,4.974790247647377,67,67,134.0,grad_tol,False,False
rastrigin,2,0.001,25,33.828324176029234,33.828324176029234,73,73,146.0,grad_tol,False,False
rastrigin,2,0.001,26,8.954601241487008,8.954601241487008,68,68,136.0,grad_tol,False,False
rastrigin,2,0.001,27,7.959662381108174,7.959662381108174,63,63,126.0,grad_tol,False,False
rastrigin,2,0.001,28,31.83848758492306,31.83848758492306,70,70,140.0,grad_tol,False,False
rastrigin,2,0.001,29,24.873722934542222,24.873722934542222,71,71,142.0,grad_tol,False,False
rastrigin,2,0.003,0,4.974790247647377,4.974790247647377,22,22,44.0,grad_tol,False,False
rastrigin,2,0.003,1,24.873722934542222,24.873722934542222,20,20,40.0,grad_tol,False,False
rastrigin,2,0.003,2,7.959662381108174,7.959662381108174,22,22,44.0,grad_tol,False,False
rastrigin,2,0.003,3,24.87384503394854,24.87384503394854,20,20,40.0,grad_tol,False,False
rastrigin,2,0.003,4,24.873722934542222,24.873722934542222,24,24,48.0,grad_tol,False,False
rastrigin,2,0.003,5,17.90920248297402,17.90920248297402,20,20,40.0,grad_tol,False,False
rastrigin,2,0.003,6,3.979831190554087,3.979831190554087,22,22,44.0,grad_tol,False,False
rastrigin,2,0.003,7,16.91420284955482,16.91420284955482,21,21,42.0,grad_tol,False,False
rastrigin,2,0.003,8,28.853554125096313,28.853554125096313,21,21,42.0,grad_tol,False,False
rastrigin,2,0.003,9,19.899074983015616,19.899074983015616,20,20,40.0,grad_tol,False,False
rastrigin,2,0.003,10,33.82832417602924,33.82832417602924,20,20,40.0,grad_tol,False,False
rastrigin,2,0.003,11,15.919243792461533,15.919243792461533,20,20,40.0,grad_tol,False,False
rastrigin,2,0.003,12,33.828324176029234,33.828324176029234,22,22,44.0,grad_tol,False,False
rastrigin,2,0.003,13,31.838487584923065,31.838487584923065,21,21,42.0,grad_tol,False,False
rastrigin,2,0.003,14,9.9495602985803,9.9495602985803,22,22,44.0,grad_tol,False,False
rastrigin,2,0.003,15,12.934432432041097,12.934432432041097,21,21,42.0,grad_tol,False,False
rastrigin,2,0.003,16,1.9899181141865796,1.9899181141865796,21,21,42.0,grad_tol,False,False
rastrigin,2,0.003,17,24.87384503394854,24.87384503394854,24,24,48.0,grad_tol,False,False
rastrigin,2,0.003,18,4.974790247647377,4.974790247647377,21,21,42.0,grad_tol,False,False
rastrigin,2,0.003,19,16.914202849554822,16.914202849554822,21,21,42.0,grad_tol,False,False
rastrigin,2,0.003,20,3.979831190554087,3.979831190554087,22,22,44.0,grad_tol,False,False
rastrigin,2,0.003,21,9.949560298580302,9.949560298580302,20,20,40.0,grad_tol,False,False
rastrigin,2,0.003,22,9.9495602985803,9.9495602985803,22,22,44.0,grad_tol,False,False
rastrigin,2,0.003,23,4.974790247647377,4.974790247647377,23,23,46.0,grad_tol,False,False
rastrigin,2,0.003,24,4.974790247647377,4.974790247647377,21,21,42.0,grad_tol,False,False
rastrigin,2,0.003,25,33.828324176029234,33.828324176029234,23,23,46.0,grad_tol,False,False
rastrigin,2,0.003,26,8.95460124148701,8.95460124148701,21,21,42.0,grad_tol,False,False
rastrigin,2,0.003,27,7.959662381108174,7.959662381108174,20,20,40.0,grad_tol,False,False
rastrigin,2,0.003,28,31.83848758492306,31.83848758492306,20,20,40.0,grad_tol,False,False
rastrigin,2,0.003,29,24.873722934542222,24.873722934542222,20,20,40.0,grad_tol,False,False
rastrigin,3,0.001,0,29.848513182189603,29.848513182189603,70,70,140.0,grad_tol,False,False
rastrigin,3,0.001,1,40.79296672700375,40.79296672700375,71,71,142.0,grad_tol,False,False
rastrigin,3,0.001,2,16.914263622595186,16.914263622595186,71,71,142.0,grad_tol,False,False
rastrigin,3,0.001,3,33.82844627543555,33.82844627543555,68,68,136.0,grad_tol,False,False
rastrigin,3,0.001,4,49.747445869084444,49.747445869084444,76,76,152.0,grad_tol,False,False
rastrigin,3,0.001,5,17.909202482974017,17.909202482974017,66,66,132.0,grad_tol,False,False
rastrigin,3,0.001,6,4.974790247647377,4.974790247647377,70,70,140.0,grad_tol,False,False
rastrigin,3,0.001,7,25.86880409104183,25.86880409104183,67,67,134.0,grad_tol,False,False
rastrigin,3,0.001,8,32.833385315650396,32.833385315650396,66,66,132.0,grad_tol,False,False
rastrigin,3,0.001,9,20.89403404010891,20.89403404010891,67,67,134.0,grad_tol,False,False
rastrigin,3,0.001,10,42.78292541751624,42.78292541751624,69,69,138.0,grad_tol,False,False
rastrigin,3,0.001,11,16.91420284955482,16.91420284955482,66,66,132.0,grad_tol,False,False
rastrigin,3,0.001,12,42.782925417516246,42.782925417516246,73,73,146.0,grad_tol,False,False
rastrigin,3,0.001,13,40.79308882641007,40.79308882641007,69,69,138.0,grad_tol,False,False
rastrigin,3,0.001,14,13.929391489134389,13.929391489134389,70,70,140.0,grad_tol,False,False
rastrigin,3,0.001,15,16.914263622595183,16.914263622595183,70,70,140.0,grad_tol,False,False
rastrigin,3,0.001,16,17.90916190664811,17.90916190664811,68,68,136.0,grad_tol,False,False
rastrigin,3,0.001,17,25.86880409104183,25.86880409104183,75,75,150.0,grad_tol,False,False
rastrigin,3,0.001,18,8.954621438201464,8.954621438201464,67,67,134.0,grad_tol,False,False
rastrigin,3,0.001,19,20.894034040108906,20.894034040108906,69,69,138.0,grad_tol,False,False
rastrigin,3,0.001,20,19.899074983015616,19.899074983015616,69,69,138.0,grad_tol,False,False
rastrigin,3,0.001,21,13.929391489134389,13.929391489134389,65,65,130.0,grad_tol,False,False
rastrigin,3,0.001,22,25.86880409104183,25.86880409104183,69,69,138.0,grad_tol,False,False
rastrigin,3,0.001,23,20.894034040108906,20.894034040108906,71,71,142.0,grad_tol,False,False
rastrigin,3,0.001,24,5.969749304740667,5.969749304740667,67,67,134.0,grad_tol,False,False
rastrigin,3,0.001,25,42.782925417516246,42.782925417516246,73,73,146.0,grad_tol,False,False
rastrigin,3,0.001,26,24.87384503394854,24.87384503394854,71,71,142.0,grad_tol,False,False
rastrigin,3,0.001,27,23.878906173569703,23.878906173569703,65,65,130.0,grad_tol,False,False
rastrigin,3,0.001,28,40.79308882641007,40.79308882641007,70,70,140.0,grad_tol,False,False
rastrigin,3,0.001,29,24.873722934542222,24.873722934542222,71,71,142.0,grad_tol,False,False
rastrigin,3,0.003,0,29.848513182189603,29.848513182189603,22,22,44.0,grad_tol,False,False
rastrigin,3,0.003,1,40.79296672700376,40.79296672700376,21,21,42.0,grad_tol,False,False
rastrigin,3,0.003,2,16.914263622595186,16.914263622595186,22,22,44.0,grad_tol,False,False
rastrigin,3,0.003,3,33.82844627543555,33.82844627543555,20,20,40.0,grad_tol,False,False
rastrigin,3,0.003,4,49.74744586908445,49.74744586908445,24,24,48.0,grad_tol,False,False
rastrigin,3,0.003,5,17.90920248297402,17.90920248297402,20,20,40.0,grad_tol,False,False
rastrigin,3,0.003,6,4.974790247647377,4.974790247647377,22,22,44.0,grad_tol,False,False
rastrigin,3,0.003,7,25.86880409104183,25.86880409104183,21,21,42.0,grad_tol,False,False
rastrigin,3,0.003,8,32.8333853156504,32.8333853156504,21,21,42.0,grad_tol,False,False
rastrigin,3,0.003,9,20.89403404010891,20.89403404010891,20,20,40.0,grad_tol,False,False
rastrigin,3,0.003,10,42.782925417516246,42.782925417516246,21,21,42.0,grad_tol,False,False
rastrigin,3,0.003,11,16.914202849554826,16.914202849554826,20,20,40.0,grad_tol,False,False
rastrigin,3,0.003,12,42.782925417516246,42.782925417516246,22,22,44.0,grad_tol,False,False
rastrigin,3,0.003,13,40.79308882641007,40.79308882641007,21,21,42.0,grad_tol,False,False
rastrigin,3,0.003,14,13.929391489134389,13.929391489134389,22,22,44.0,grad_tol,False,False
rastrigin,3,0.003,15,16.914263622595186,16.914263622595186,21,21,42.0,grad_tol,False,False
rastrigin,3,0.003,16,17.90916190664811,17.90916190664811,21,21,42.0,grad_tol,False,False
rastrigin,3,0.003,17,25.86880409104183,25.86880409104183,24,24,48.0,grad_tol,False,False
rastrigin,3,0.003,18,8.954621438201464,8.954621438201464,21,21,42.0,grad_tol,False,False
rastrigin,3,0.003,19,20.89403404010891,20.89403404010891,21,21,42.0,grad_tol,False,False
rastrigin,3,0.003,20,19.89907498301562,19.89907498301562,22,22,44.0,grad_tol,False,False
rastrigin,3,0.003,21,13.929391489134389,13.929391489134389,20,20,40.0,grad_tol,False,False
rastrigin,3,0.003,22,25.86880409104183,25.86880409104183,22,22,44.0,grad_tol,False,False
rastrigin,3,0.003,23,20.89403404010891,20.89403404010891,23,23,46.0,grad_tol,False,False
rastrigin,3,0.003,24,5.969749304740667,5.969749304740667,21,21,42.0,grad_tol,False,False
rastrigin,3,0.003,25,42.782925417516246,42.782925417516246,23,23,46.0,grad_tol,False,False
rastrigin,3,0.003,26,24.87384503394854,24.87384503394854,22,22,44.0,grad_tol,False,False
rastrigin,3,0.003,27,23.878906173569707,23.878906173569707,20,20,40.0,grad_tol,False,False
rastrigin,3,0.003,28,40.79308882641007,40.79308882641007,21,21,42.0,grad_tol,False,False
rastrigin,3,0.003,29,24.873722934542222,24.873722934542222,20,20,40.0,grad_tol,False,False
